{
  "floor_1": {
    "name": "Tutorial Floor",
    "theme": "Basic Goblins & Traps",
    "enemies": {
      "goblin_grunt": {
        "name": "Goblin Grunt",
        "level": 1,
        "hp": 6,
        "stats": { "str": 2, "dex": 4, "con": 3, "int": 2, "wis": 3, "cha": 2 },
        "attacks": [
          { "name": "Rusty Dagger", "hit": "+4", "damage": "1d4+1", "type": "melee" },
          { "name": "Thrown Rock", "hit": "+4", "damage": "1d4", "type": "ranged" }
        ],
        "special_abilities": ["Pack Tactics", "Cowardly"],
        "ac": 12,
        "loot": ["goblin_ear", "rusty_weapon", "1d6_coins"],
        "ai_notes": "Attacks in groups, flees when alone",
        "viewer_appeal": "Low - tutorial enemies"
      },
      "goblin_warrior": {
        "name": "Goblin Warrior",
        "level": 1,
        "hp": 12,
        "stats": { "str": 3, "dex": 4, "con": 4, "int": 2, "wis": 3, "cha": 3 },
        "attacks": [
          { "name": "Short Sword", "hit": "+5", "damage": "1d6+2", "type": "melee" },
          { "name": "Shield Bash", "hit": "+3", "damage": "1d4", "type": "melee", "effect": "knockdown" }
        ],
        "special_abilities": ["Leadership", "Tactical Retreat"],
        "ac": 14,
        "loot": ["goblin_sword", "leather_armor", "2d6_coins"],
        "ai_notes": "Commands other goblins, uses tactics",
        "viewer_appeal": "Low-Medium - basic combat"
      }
    }
  },
  "floor_2": {
    "name": "Undead Catacombs", 
    "theme": "Zombies & Skeletons",
    "enemies": {
      "zombie_crawler": {
        "name": "Zombie Crawler",
        "level": 2,
        "hp": 15,
        "stats": { "str": 4, "dex": 2, "con": 5, "int": 1, "wis": 2, "cha": 1 },
        "attacks": [
          { "name": "Bite", "hit": "+4", "damage": "1d6+2", "type": "melee", "effect": "disease_chance" },
          { "name": "Claw", "hit": "+4", "damage": "1d4+2", "type": "melee" }
        ],
        "special_abilities": ["Undead Fortitude", "Disease Carrier", "Slow Movement"],
        "ac": 11,
        "resistances": ["necrotic"],
        "vulnerabilities": ["radiant", "fire"],
        "loot": ["rotting_flesh", "old_equipment"],
        "ai_notes": "Shambles toward players, doesn't retreat",
        "viewer_appeal": "Medium - classic horror"
      },
      "skeleton_archer": {
        "name": "Skeleton Archer",
        "level": 2,
        "hp": 10,
        "stats": { "str": 3, "dex": 5, "con": 3, "int": 2, "wis": 3, "cha": 1 },
        "attacks": [
          { "name": "Bone Bow", "hit": "+6", "damage": "1d6+3", "type": "ranged", "range": "150ft" },
          { "name": "Bone Sword", "hit": "+4", "damage": "1d6+1", "type": "melee" }
        ],
        "special_abilities": ["Undead Fortitude", "Precise Shot"],
        "ac": 13,
        "resistances": ["necrotic"],
        "vulnerabilities": ["bludgeoning"],
        "loot": ["bone_arrows", "skeleton_bow"],
        "ai_notes": "Maintains distance, aims for weak spots",
        "viewer_appeal": "Medium - ranged tactics"
      }
    }
  },
  "boss_encounters": {
    "floor_1_boss": {
      "name": "Goblin King Krogg",
      "level": 3,
      "hp": 45,
      "stats": { "str": 5, "dex": 4, "con": 5, "int": 4, "wis": 3, "cha": 6 },
      "attacks": [
        { "name": "Crown Smash", "hit": "+7", "damage": "2d6+3", "type": "melee", "effect": "stun_chance" },
        { "name": "Royal Command", "hit": "auto", "damage": "0", "type": "special", "effect": "summon_guards" }
      ],
      "special_abilities": ["Legendary Actions", "Summon Minions", "Crown of Authority"],
      "ac": 16,
      "legendary_actions": 3,
      "phases": [
        { "hp_threshold": 100, "behavior": "aggressive", "adds": false },
        { "hp_threshold": 50, "behavior": "defensive", "adds": true },
        { "hp_threshold": 25, "behavior": "desperate", "adds": true, "special": "berserker_rage" }
      ],
      "loot": ["goblin_crown", "royal_weapon", "5d10_coins", "floor_key"],
      "ai_notes": "Uses minions strategically, becomes more dangerous when wounded",
      "viewer_appeal": "High - first boss fight, dramatic phases",
      "sponsor_opportunities": ["Weapon upgrades", "Healing items", "Tactical advice"]
    }
  }
}
