{
  "dcc_unique": [
    {
      "id": "compensated_anarchist",
      "name": "Compensated Anarchist",
      "description": "Professional rebels fighting the system with style and substance",
      "statBonuses": { "strength": 1, "charisma": 1, "constitution": 1 },
      "skills": [
        { "name": "Riot Control", "stat": "strength" },
        { "name": "Crowd Manipulation", "stat": "charisma" },
        { "name": "Urban Warfare", "stat": "intelligence" }
      ],
      "category": "dcc_unique"
    },
    {
      "id": "bomb_squad_tech",
      "name": "Bomb Squad Tech",
      "description": "Explosive experts with steady hands and nerves of steel",
      "statBonuses": { "intelligence": 2, "dexterity": 1 },
      "skills": [
        { "name": "IED", "stat": "intelligence" },
        { "name": "Bomb Surgeon", "stat": "intelligence" },
        { "name": "Incendiary Device Handling", "stat": "intelligence" }
      ],
      "category": "dcc_unique"
    },
    {
      "id": "prizefighter",
      "name": "Prizefighter",
      "description": "Professional fighters with devastating punches and iron will",
      "statBonuses": { "strength": 2, "constitution": 1 },
      "skills": [
        { "name": "Pugilism", "stat": "strength" },
        { "name": "Iron Punch", "stat": "strength" },
        { "name": "Powerful Strike", "stat": "strength" }
      ],
      "category": "dcc_unique"
    },
    {
      "id": "artist_alley_mogul",
      "name": "Artist Alley Mogul",
      "description": "Convention masters with crowd control and performance skills",
      "statBonuses": { "charisma": 2, "intelligence": 1 },
      "skills": [
        { "name": "Character Actor", "stat": "charisma" },
        { "name": "Mascot", "stat": "charisma" },
        { "name": "Performance", "stat": "charisma" }
      ],
      "category": "dcc_unique"
    },
    {
      "id": "former_child_actor",
      "name": "Former Child Actor",
      "description": "Ex-performers with acting skills and stealth training",
      "statBonuses": { "charisma": 1, "dexterity": 1, "intelligence": 1 },
      "skills": [
        { "name": "Character Actor", "stat": "charisma" },
        { "name": "Performance", "stat": "charisma" },
        { "name": "Stealth", "stat": "dexterity" }
      ],
      "category": "dcc_unique"
    },
    {
      "id": "roller_derby_jammer",
      "name": "Roller Derby Jammer",
      "description": "Speed demons with crowd navigation and momentum control",
      "statBonuses": { "dexterity": 2, "constitution": 1 },
      "skills": [
        { "name": "Light on Your Feet", "stat": "dexterity" },
        { "name": "Crowd Navigation", "stat": "dexterity" },
        { "name": "Momentum Control", "stat": "dexterity" }
      ],
      "category": "dcc_unique"
    },
    {
      "id": "football_hooligan",
      "name": "Football Hooligan",
      "description": "Crowd fighters with team coordination and intimidation tactics",
      "statBonuses": { "strength": 1, "constitution": 1, "charisma": 1 },
      "skills": [
        { "name": "Crowd Fighting", "stat": "strength" },
        { "name": "Intimidation", "stat": "charisma" },
        { "name": "Team Coordination", "stat": "charisma" }
      ],
      "category": "dcc_unique"
    },
    {
      "id": "kabaddi_raider",
      "name": "Kabaddi Raider",
      "description": "Tactical athletes with grappling skills and breath control",
      "statBonuses": { "dexterity": 1, "constitution": 1, "strength": 1 },
      "skills": [
        { "name": "Grappling", "stat": "strength" },
        { "name": "Breath Control", "stat": "constitution" },
        { "name": "Team Tactics", "stat": "intelligence" }
      ],
      "category": "dcc_unique"
    },
    {
      "id": "monster_truck_driver",
      "name": "Monster Truck Driver",
      "description": "Heavy vehicle operators with ramming expertise",
      "statBonuses": { "strength": 2, "constitution": 2 },
      "skills": [
        { "name": "Vehicle Operation", "stat": "dexterity" },
        { "name": "Ramming", "stat": "strength" },
        { "name": "Mechanical Repair", "stat": "intelligence" }
      ],
      "category": "dcc_unique"
    },
    {
      "id": "vape_shop_counter_jockey",
      "name": "Vape Shop Counter Jockey",
      "description": "Customer service experts with product knowledge and hipster culture awareness",
      "statBonuses": { "charisma": 1, "dexterity": 1 },
      "skills": [
        { "name": "Customer Service", "stat": "charisma" },
        { "name": "Product Knowledge", "stat": "intelligence" },
        { "name": "Hipster Culture", "stat": "charisma" }
      ],
      "category": "dcc_unique"
    },
    {
      "id": "freelance_psychiatrist",
      "name": "Freelance Psychiatrist",
      "description": "Mind readers with psychological manipulation and therapy skills",
      "statBonuses": { "intelligence": 2, "wisdom": 1 },
      "skills": [
        { "name": "Mind Reading", "stat": "wisdom" },
        { "name": "Psychological Manipulation", "stat": "charisma" },
        { "name": "Therapy", "stat": "wisdom" }
      ],
      "category": "dcc_unique"
    },
    {
      "id": "banana_farmer",
      "name": "Banana Farmer",
      "description": "Agricultural specialists with plant growth and seed shooting abilities",
      "statBonuses": { "wisdom": 1, "constitution": 1, "dexterity": 1 },
      "skills": [
        { "name": "Plant Growth", "stat": "wisdom" },
        { "name": "Seed Shooting", "stat": "dexterity" },
        { "name": "Agricultural Knowledge", "stat": "intelligence" }
      ],
      "category": "dcc_unique"
    },
    {
      "id": "necrobard",
      "name": "NecroBard",
      "description": "Death magic performers with undead control abilities",
      "statBonuses": { "charisma": 1, "intelligence": 1, "wisdom": 1 },
      "skills": [
        { "name": "Death Magic", "stat": "intelligence" },
        { "name": "Performance", "stat": "charisma" },
        { "name": "Undead Control", "stat": "wisdom" }
      ],
      "category": "dcc_unique"
    },
    {
      "id": "feral_cat_berserker",
      "name": "Feral Cat Berserker",
      "description": "Cat-like warriors with feral rage and multiple lives",
      "statBonuses": { "dexterity": 2, "constitution": 1 },
      "skills": [
        { "name": "Cat-like Reflexes", "stat": "dexterity" },
        { "name": "Feral Rage", "stat": "strength" },
        { "name": "Nine Lives", "stat": "constitution" }
      ],
      "category": "dcc_unique"
    },
    {
      "id": "animal_test_subject",
      "name": "Animal Test Subject",
      "description": "Laboratory survivors with poison resistance and mutation abilities",
      "statBonuses": { "constitution": 2, "intelligence": 1 },
      "skills": [
        { "name": "Poison Resistance", "stat": "constitution" },
        { "name": "Chemical Knowledge", "stat": "intelligence" },
        { "name": "Mutation", "stat": "constitution" }
      ],
      "category": "dcc_unique"
    },
    {
      "id": "glass_cannon",
      "name": "Glass Cannon",
      "description": "Fragile spellcasters with accelerated magic and power channeling",
      "statBonuses": { "constitution": 1, "intelligence": 2 },
      "skills": [
        { "name": "Spell Acceleration", "stat": "intelligence" },
        { "name": "Magic Efficiency", "stat": "intelligence" },
        { "name": "Power Channeling", "stat": "constitution" }
      ],
      "category": "dcc_unique"
    },
    {
      "id": "legendary_diva",
      "name": "Legendary Diva",
      "description": "Charismatic performers with stage presence and crowd control",
      "statBonuses": { "charisma": 3 },
      "skills": [
        { "name": "Stage Presence", "stat": "charisma" },
        { "name": "Crowd Control", "stat": "charisma" },
        { "name": "Performance Magic", "stat": "charisma" }
      ],
      "category": "dcc_unique"
    },
    {
      "id": "viper_queen",
      "name": "Viper Queen",
      "description": "Serpentine warriors with poison abilities and venomous attacks",
      "statBonuses": { "dexterity": 1, "constitution": 1, "charisma": 1 },
      "skills": [
        { "name": "Spit Poison", "stat": "constitution" },
        { "name": "Serpentine Movement", "stat": "dexterity" },
        { "name": "Venomous Bite", "stat": "constitution" }
      ],
      "category": "dcc_unique"
    }
  ],
  "traditional": [
    {
      "id": "fighter",
      "name": "Fighter",
      "description": "Masters of weapons and combat tactics",
      "statBonuses": { "strength": 1, "constitution": 1 },
      "skills": [
        { "name": "Weapon Mastery", "stat": "strength" },
        { "name": "Combat Tactics", "stat": "intelligence" }
      ],
      "category": "traditional"
    },
    {
      "id": "wizard",
      "name": "Wizard",
      "description": "Scholarly spellcasters with arcane knowledge",
      "statBonuses": { "intelligence": 2 },
      "skills": [
        { "name": "Spellcasting", "stat": "intelligence" },
        { "name": "Arcane Lore", "stat": "intelligence" }
      ],
      "category": "traditional"
    },
    {
      "id": "rogue",
      "name": "Rogue",
      "description": "Stealthy specialists with precision attacks",
      "statBonuses": { "dexterity": 2 },
      "skills": [
        { "name": "Sneak Attack", "stat": "dexterity" },
        { "name": "Lockpicking", "stat": "dexterity" }
      ],
      "category": "traditional"
    },
    {
      "id": "cleric",
      "name": "Cleric",
      "description": "Divine spellcasters with healing powers",
      "statBonuses": { "wisdom": 1, "charisma": 1 },
      "skills": [
        { "name": "Divine Magic", "stat": "wisdom" },
        { "name": "Healing", "stat": "wisdom" }
      ],
      "category": "traditional"
    },
    {
      "id": "ranger",
      "name": "Ranger",
      "description": "Wilderness experts with tracking abilities",
      "statBonuses": { "dexterity": 1, "wisdom": 1 },
      "skills": [
        { "name": "Tracking", "stat": "wisdom" },
        { "name": "Wilderness Survival", "stat": "wisdom" }
      ],
      "category": "traditional"
    },
    {
      "id": "barbarian",
      "name": "Barbarian",
      "description": "Primal warriors with rage abilities",
      "statBonuses": { "strength": 1, "constitution": 1 },
      "skills": [
        { "name": "Rage", "stat": "strength" },
        { "name": "Primal Instincts", "stat": "wisdom" }
      ],
      "category": "traditional"
    },
    {
      "id": "bard",
      "name": "Bard",
      "description": "Musical spellcasters with inspiration abilities",
      "statBonuses": { "charisma": 1, "dexterity": 1 },
      "skills": [
        { "name": "Bardic Magic", "stat": "charisma" },
        { "name": "Inspiration", "stat": "charisma" }
      ],
      "category": "traditional"
    },
    {
      "id": "paladin",
      "name": "Paladin",
      "description": "Holy warriors with divine combat abilities",
      "statBonuses": { "strength": 1, "charisma": 1 },
      "skills": [
        { "name": "Divine Combat", "stat": "strength" },
        { "name": "Lay on Hands", "stat": "charisma" }
      ],
      "category": "traditional"
    },
    {
      "id": "warlock",
      "name": "Warlock",
      "description": "Pact-bound spellcasters with eldritch power",
      "statBonuses": { "charisma": 1, "constitution": 1 },
      "skills": [
        { "name": "Eldritch Magic", "stat": "charisma" },
        { "name": "Pact Knowledge", "stat": "intelligence" }
      ],
      "category": "traditional"
    },
    {
      "id": "sorcerer",
      "name": "Sorcerer",
      "description": "Innate spellcasters with metamagic abilities",
      "statBonuses": { "charisma": 2 },
      "skills": [
        { "name": "Innate Magic", "stat": "charisma" },
        { "name": "Metamagic", "stat": "charisma" }
      ],
      "category": "traditional"
    },
    {
      "id": "monk",
      "name": "Monk",
      "description": "Martial artists with ki control",
      "statBonuses": { "dexterity": 1, "wisdom": 1 },
      "skills": [
        { "name": "Martial Arts", "stat": "dexterity" },
        { "name": "Ki Control", "stat": "wisdom" }
      ],
      "category": "traditional"
    },
    {
      "id": "druid",
      "name": "Druid",
      "description": "Nature spellcasters with animal handling",
      "statBonuses": { "wisdom": 2 },
      "skills": [
        { "name": "Nature Magic", "stat": "wisdom" },
        { "name": "Animal Handling", "stat": "wisdom" }
      ],
      "category": "traditional"
    }
  ],
  "modern": [
    {
      "id": "gunslinger",
      "name": "Gunslinger",
      "description": "Firearm specialists with quick draw abilities",
      "statBonuses": { "dexterity": 1, "constitution": 1 },
      "skills": [
        { "name": "Firearms", "stat": "dexterity" },
        { "name": "Quick Draw", "stat": "dexterity" }
      ],
      "category": "modern"
    },
    {
      "id": "hacker",
      "name": "Data Runner",
      "description": "Digital infiltration specialists",
      "statBonuses": { "intelligence": 2 },
      "skills": [
        { "name": "Computer Systems", "stat": "intelligence" },
        { "name": "Digital Infiltration", "stat": "dexterity" }
      ],
      "category": "modern"
    },
    {
      "id": "medic",
      "name": "Field Medic",
      "description": "Emergency medical specialists",
      "statBonuses": { "wisdom": 1, "intelligence": 1 },
      "skills": [
        { "name": "Field Medicine", "stat": "wisdom" },
        { "name": "Trauma Care", "stat": "dexterity" }
      ],
      "category": "modern"
    },
    {
      "id": "engineer_class",
      "name": "Engineer",
      "description": "Technical specialists with repair abilities",
      "statBonuses": { "intelligence": 1, "dexterity": 1 },
      "skills": [
        { "name": "Engineering", "stat": "intelligence" },
        { "name": "Technical Repair", "stat": "dexterity" }
      ],
      "category": "modern"
    },
    {
      "id": "pilot",
      "name": "Vehicle Pilot",
      "description": "Vehicle operation specialists",
      "statBonuses": { "dexterity": 1, "intelligence": 1 },
      "skills": [
        { "name": "Piloting", "stat": "dexterity" },
        { "name": "Navigation", "stat": "intelligence" }
      ],
      "category": "modern"
    },
    {
      "id": "survivalist",
      "name": "Survivalist",
      "description": "Wilderness and urban survival experts",
      "statBonuses": { "constitution": 1, "wisdom": 1 },
      "skills": [
        { "name": "Wilderness Survival", "stat": "wisdom" },
        { "name": "Foraging", "stat": "wisdom" }
      ],
      "category": "modern"
    }
  ]
}
