{
  "general": [
    {
      "id": "first_steps",
      "name": "First Steps",
      "description": "Survive your first day in the dungeon",
      "effect": "+1 to Constitution",
      "rarity": "common",
      "category": "survival"
    },
    {
      "id": "murder_hobo",
      "name": "Murder Hobo",
      "description": "Kill everything that moves without asking questions first",
      "effect": "+2 to Attack Damage, -1 to Charisma (Social consequences)",
      "rarity": "uncommon",
      "category": "combat"
    },
    {
      "id": "lucky_bastard",
      "name": "Lucky Bastard",
      "description": "Survive three situations that should have killed you",
      "effect": "+2 to all saving throws",
      "rarity": "uncommon",
      "category": "survival"
    },
    {
      "id": "crowd_pleaser",
      "name": "Crowd Pleaser",
      "description": "Gain 1000 viewers in a single episode",
      "effect": "+1 to Charisma, +10% experience from social interactions",
      "rarity": "common",
      "category": "social"
    },
    {
      "id": "viral_sensation",
      "name": "Viral Sensation",
      "description": "Become a trending topic across the galaxy",
      "effect": "+2 to Charisma, sponsors offer better deals",
      "rarity": "rare",
      "category": "social"
    },
    {
      "id": "dungeon_veteran",
      "name": "Dungeon Veteran",
      "description": "Clear 5 floors without dying",
      "effect": "+1 to all stats, +5% damage to dungeon creatures",
      "rarity": "uncommon",
      "category": "progression"
    },
    {
      "id": "floor_boss_slayer",
      "name": "Floor Boss Slayer",
      "description": "Defeat your first floor boss",
      "effect": "+2 to Strength, +10% damage to boss creatures",
      "rarity": "uncommon",
      "category": "combat"
    },
    {
      "id": "creative_killer",
      "name": "Creative Killer",
      "description": "Kill an enemy using an improvised weapon",
      "effect": "+1 to Dexterity, improvised weapons deal +1 damage",
      "rarity": "common",
      "category": "combat"
    },
    {
      "id": "pacifist_run",
      "name": "Pacifist Run",
      "description": "Clear a floor without directly killing anything",
      "effect": "+2 to Wisdom, +1 to Charisma, stealth abilities improved",
      "rarity": "rare",
      "category": "special"
    },
    {
      "id": "hoarder",
      "name": "Hoarder",
      "description": "Carry 50 different items at once",
      "effect": "+5 inventory slots, +1 to Intelligence",
      "rarity": "common",
      "category": "utility"
    },
    {
      "id": "minimalist",
      "name": "Minimalist",
      "description": "Clear a floor with only basic equipment",
      "effect": "+1 to all stats when using basic equipment",
      "rarity": "uncommon",
      "category": "special"
    },
    {
      "id": "speed_runner",
      "name": "Speed Runner",
      "description": "Clear a floor in record time",
      "effect": "+2 to Dexterity, +10% movement speed",
      "rarity": "uncommon",
      "category": "progression"
    },
    {
      "id": "explorer",
      "name": "Explorer",
      "description": "Discover 10 secret areas",
      "effect": "+1 to Wisdom, +20% chance to find secret areas",
      "rarity": "common",
      "category": "exploration"
    },
    {
      "id": "treasure_hunter",
      "name": "Treasure Hunter",
      "description": "Find 100 pieces of loot",
      "effect": "+1 to Intelligence, +15% better loot quality",
      "rarity": "common",
      "category": "exploration"
    },
    {
      "id": "social_butterfly",
      "name": "Social Butterfly",
      "description": "Successfully negotiate with 20 different NPCs",
      "effect": "+2 to Charisma, NPCs start with better disposition",
      "rarity": "uncommon",
      "category": "social"
    },
    {
      "id": "lone_wolf",
      "name": "Lone Wolf",
      "description": "Survive 10 floors without party members",
      "effect": "+1 to all stats when alone, +10% damage when solo",
      "rarity": "rare",
      "category": "special"
    },
    {
      "id": "team_player",
      "name": "Team Player",
      "description": "Save a party member's life 5 times",
      "effect": "+1 to Wisdom, party members gain +1 to all saves",
      "rarity": "uncommon",
      "category": "social"
    },
    {
      "id": "death_defier",
      "name": "Death Defier",
      "description": "Survive with 1 HP three times",
      "effect": "Gain 'Last Stand' ability - +50% damage when below 10% HP",
      "rarity": "rare",
      "category": "survival"
    },
    {
      "id": "spell_slinger",
      "name": "Spell Slinger",
      "description": "Cast 100 spells successfully",
      "effect": "+1 to Intelligence, -10% spell costs",
      "rarity": "common",
      "category": "magic"
    },
    {
      "id": "mana_burn",
      "name": "Mana Burn",
      "description": "Exhaust your magic points 10 times",
      "effect": "+2 to Magic Points, faster mana regeneration",
      "rarity": "uncommon",
      "category": "magic"
    },
    {
      "id": "berserker",
      "name": "Berserker",
      "description": "Deal 500 damage in a single combat",
      "effect": "+2 to Strength, rage abilities last longer",
      "rarity": "uncommon",
      "category": "combat"
    }
  ],
  "skill_based": [
    {
      "id": "electrical_expert",
      "name": "Electrical Expert",
      "description": "Master the art of electrical repair in the dungeon",
      "effect": "+2 to Basic Electrical Repair skill, electrical devices work better",
      "rarity": "uncommon",
      "category": "skill",
      "requiredSkill": "Basic Electrical Repair",
      "skillLevel": 5
    },
    {
      "id": "bomb_disposal_unit",
      "name": "Bomb Disposal Unit",
      "description": "Defuse 10 explosive devices without incident",
      "effect": "+3 to IED skill, +2 to Bomb Surgeon skill",
      "rarity": "rare",
      "category": "skill",
      "requiredSkill": "IED",
      "skillLevel": 3
    },
    {
      "id": "nine_lives_master",
      "name": "Nine Lives Master",
      "description": "Use all 9 lives and still survive",
      "effect": "Gain 3 additional lives, +1 to Constitution",
      "rarity": "legendary",
      "category": "skill",
      "requiredSkill": "Nine Lives",
      "skillLevel": 10
    },
    {
      "id": "cockroach_survivor",
      "name": "Cockroach Survivor",
      "description": "Survive in conditions that would kill anyone else",
      "effect": "+3 to Cockroach skill, immunity to most environmental hazards",
      "rarity": "rare",
      "category": "skill",
      "requiredSkill": "Cockroach",
      "skillLevel": 7
    },
    {
      "id": "remote_control_master",
      "name": "Remote Control Master",
      "description": "Use the Sony remote to control 50 different devices",
      "effect": "+5 to Operating Sony RMVLZ620 Universal Remote skill, can control alien tech",
      "rarity": "epic",
      "category": "skill",
      "requiredSkill": "Operating Sony RMVLZ620 Universal Remote",
      "skillLevel": 8
    },
    {
      "id": "character_method_actor",
      "name": "Method Actor",
      "description": "Convince 10 enemies you're someone else",
      "effect": "+3 to Character Actor skill, can maintain disguises indefinitely",
      "rarity": "uncommon",
      "category": "skill",
      "requiredSkill": "Character Actor",
      "skillLevel": 6
    },
    {
      "id": "love_vampire_seducer",
      "name": "Irresistible Charm",
      "description": "Successfully charm 20 different creatures",
      "effect": "+3 to Love Vampire skill, charm effects last twice as long",
      "rarity": "rare",
      "category": "skill",
      "requiredSkill": "Love Vampire",
      "skillLevel": 5
    },
    {
      "id": "pathfinder_navigator",
      "name": "Master Navigator",
      "description": "Never get lost in the dungeon",
      "effect": "+3 to Pathfinder skill, always know the fastest route",
      "rarity": "uncommon",
      "category": "skill",
      "requiredSkill": "Pathfinder",
      "skillLevel": 8
    },
    {
      "id": "iron_stomach_gourmand",
      "name": "Iron Stomach Gourmand",
      "description": "Eat 100 different questionable foods without getting sick",
      "effect": "+3 to Iron Stomach skill, gain nutrition from any organic matter",
      "rarity": "uncommon",
      "category": "skill",
      "requiredSkill": "Iron Stomach",
      "skillLevel": 6
    },
    {
      "id": "cat_reflexes_master",
      "name": "Feline Grace",
      "description": "Dodge 100 attacks that should have hit",
      "effect": "+3 to Cat-like Reflexes skill, +2 to Dexterity",
      "rarity": "rare",
      "category": "skill",
      "requiredSkill": "Cat-like Reflexes",
      "skillLevel": 7
    }
  ],
  "race_based": [
    {
      "id": "human_adaptability",
      "name": "Human Adaptability",
      "description": "Prove that humans can survive anything",
      "effect": "+1 to all stats, can learn any skill regardless of restrictions",
      "rarity": "uncommon",
      "category": "race",
      "requiredRace": "human"
    },
    {
      "id": "elven_grace",
      "name": "Elven Grace",
      "description": "Move through the dungeon like a whisper",
      "effect": "+2 to Dexterity, +3 to stealth-related skills",
      "rarity": "uncommon",
      "category": "race",
      "requiredRace": "elf"
    },
    {
      "id": "dwarven_resilience",
      "name": "Dwarven Resilience",
      "description": "Withstand punishment that would fell giants",
      "effect": "+3 to Constitution, resistance to all damage types",
      "rarity": "uncommon",
      "category": "race",
      "requiredRace": "dwarf"
    },
    {
      "id": "orcish_fury",
      "name": "Orcish Fury",
      "description": "Channel your rage into devastating attacks",
      "effect": "+3 to Strength, critical hits deal double damage",
      "rarity": "uncommon",
      "category": "race",
      "requiredRace": "orc"
    },
    {
      "id": "bopca_diplomat",
      "name": "Galactic Diplomat",
      "description": "Negotiate peace between warring factions",
      "effect": "+3 to Charisma, can end combat through diplomacy",
      "rarity": "rare",
      "category": "race",
      "requiredRace": "bopca"
    },
    {
      "id": "skyfowl_ace",
      "name": "Ace Pilot",
      "description": "Master aerial combat in the dungeon",
      "effect": "+2 to Dexterity, +5 to all pilot skills, aerial attacks deal +50% damage",
      "rarity": "rare",
      "category": "race",
      "requiredRace": "skyfowl"
    },
    {
      "id": "rat_kin_survivor",
      "name": "Tunnel Rat",
      "description": "Navigate the dungeon's hidden passages like a native",
      "effect": "+2 to Wisdom, can find secret passages automatically",
      "rarity": "uncommon",
      "category": "race",
      "requiredRace": "rat_kin"
    },
    {
      "id": "hellspawn_evolution",
      "name": "Demonic Evolution",
      "description": "Embrace your hellish heritage",
      "effect": "Wings grow faster, +2 to Charisma, fire immunity",
      "rarity": "rare",
      "category": "race",
      "requiredRace": "hellspawn_familiar"
    },
    {
      "id": "primal_ascendant",
      "name": "Primal Ascendant",
      "description": "Unlock the true power of the first species",
      "effect": "All skills can reach level 25, +1 to all stats",
      "rarity": "legendary",
      "category": "race",
      "requiredRace": "primal"
    },
    {
      "id": "were_creature_alpha",
      "name": "Alpha Predator",
      "description": "Become the apex predator of your species",
      "effect": "+3 to Strength, shape-shifting is instant, pack leadership abilities",
      "rarity": "epic",
      "category": "race",
      "requiredRace": "were_creature"
    }
  ],
  "class_based": [
    {
      "id": "anarchist_revolutionary",
      "name": "Revolutionary Leader",
      "description": "Lead a successful uprising against the system",
      "effect": "+2 to Charisma, can inspire allies to fight harder",
      "rarity": "rare",
      "category": "class",
      "requiredClass": "compensated_anarchist"
    },
    {
      "id": "bomb_tech_specialist",
      "name": "Explosive Specialist",
      "description": "Create the perfect explosive device",
      "effect": "+2 to Intelligence, explosives deal +50% damage",
      "rarity": "uncommon",
      "category": "class",
      "requiredClass": "bomb_squad_tech"
    },
    {
      "id": "prizefighter_champion",
      "name": "Heavyweight Champion",
      "description": "Win 10 fights using only your fists",
      "effect": "+3 to Strength, unarmed attacks deal weapon damage",
      "rarity": "rare",
      "category": "class",
      "requiredClass": "prizefighter"
    },
    {
      "id": "mogul_empire",
      "name": "Entertainment Empire",
      "description": "Build a multimedia empire in the dungeon",
      "effect": "+3 to Charisma, passive income from fans",
      "rarity": "epic",
      "category": "class",
      "requiredClass": "artist_alley_mogul"
    },
    {
      "id": "child_actor_comeback",
      "name": "Comeback Kid",
      "description": "Prove you're more than just a former child star",
      "effect": "+2 to Charisma, +1 to Dexterity, performance abilities improved",
      "rarity": "uncommon",
      "category": "class",
      "requiredClass": "former_child_actor"
    },
    {
      "id": "derby_speed_demon",
      "name": "Speed Demon",
      "description": "Achieve maximum velocity in combat",
      "effect": "+3 to Dexterity, movement speed doubled",
      "rarity": "rare",
      "category": "class",
      "requiredClass": "roller_derby_jammer"
    },
    {
      "id": "hooligan_riot_leader",
      "name": "Riot Leader",
      "description": "Start and lead a successful riot",
      "effect": "+2 to Strength, +2 to Charisma, crowd control abilities",
      "rarity": "uncommon",
      "category": "class",
      "requiredClass": "football_hooligan"
    },
    {
      "id": "truck_driver_road_warrior",
      "name": "Road Warrior",
      "description": "Survive 100 vehicular combats",
      "effect": "+3 to Constitution, vehicles take 50% less damage",
      "rarity": "rare",
      "category": "class",
      "requiredClass": "monster_truck_driver"
    },
    {
      "id": "vape_shop_cloud_master",
      "name": "Cloud Master",
      "description": "Create the perfect vape cloud",
      "effect": "+1 to Charisma, can create concealing clouds",
      "rarity": "common",
      "category": "class",
      "requiredClass": "vape_shop_counter_jockey"
    },
    {
      "id": "psychiatrist_mind_reader",
      "name": "Mind Reader",
      "description": "Successfully psychoanalyze 50 different creatures",
      "effect": "+3 to Wisdom, can read surface thoughts",
      "rarity": "rare",
      "category": "class",
      "requiredClass": "freelance_psychiatrist"
    },
    {
      "id": "banana_farmer_grove_master",
      "name": "Grove Master",
      "description": "Grow a banana grove in the dungeon",
      "effect": "+2 to Wisdom, can grow food anywhere",
      "rarity": "uncommon",
      "category": "class",
      "requiredClass": "banana_farmer"
    },
    {
      "id": "necrobard_death_song",
      "name": "Death Song",
      "description": "Compose a song that can raise the dead",
      "effect": "+2 to Charisma, +2 to Intelligence, undead obey your music",
      "rarity": "epic",
      "category": "class",
      "requiredClass": "necrobard"
    },
    {
      "id": "berserker_feral_master",
      "name": "Feral Master",
      "description": "Achieve perfect balance between civilization and savagery",
      "effect": "+3 to Dexterity, can enter feral state at will",
      "rarity": "rare",
      "category": "class",
      "requiredClass": "feral_cat_berserker"
    },
    {
      "id": "test_subject_mutation",
      "name": "Beneficial Mutation",
      "description": "Develop a positive mutation from all the testing",
      "effect": "+2 to Constitution, immunity to poisons, green glow provides light",
      "rarity": "rare",
      "category": "class",
      "requiredClass": "animal_test_subject"
    },
    {
      "id": "glass_cannon_overcharge",
      "name": "Magical Overcharge",
      "description": "Channel more magic than should be possible",
      "effect": "+3 to Intelligence, can cast spells above your level",
      "rarity": "epic",
      "category": "class",
      "requiredClass": "glass_cannon"
    },
    {
      "id": "diva_legendary_performance",
      "name": "Legendary Performance",
      "description": "Give a performance that will be remembered forever",
      "effect": "+5 to Charisma, performances can affect reality",
      "rarity": "legendary",
      "category": "class",
      "requiredClass": "legendary_diva"
    },
    {
      "id": "viper_queen_apex_predator",
      "name": "Apex Predator",
      "description": "Become the most feared predator in the dungeon",
      "effect": "+2 to Dexterity, +2 to Constitution, poison is 100% lethal",
      "rarity": "epic",
      "category": "class",
      "requiredClass": "viper_queen"
    }
  ],
  "weapon_based": [
    {
      "id": "baseball_bat_slugger",
      "name": "Home Run Slugger",
      "description": "Hit 100 enemies with a baseball bat",
      "effect": "Baseball bats deal +2 damage, chance to knock enemies back",
      "rarity": "common",
      "category": "weapon",
      "requiredWeapon": "baseball_bat"
    },
    {
      "id": "chainsaw_massacre",
      "name": "Chainsaw Massacre",
      "description": "Defeat 50 enemies with a chainsaw",
      "effect": "Chainsaws deal +3 damage, intimidation bonus",
      "rarity": "uncommon",
      "category": "weapon",
      "requiredWeapon": "chainsaw"
    },
    {
      "id": "kitchen_knife_chef",
      "name": "Master Chef",
      "description": "Prepare 100 meals with your kitchen knife",
      "effect": "Kitchen knives can be thrown, +1 to cooking skills",
      "rarity": "common",
      "category": "weapon",
      "requiredWeapon": "kitchen_knife"
    },
    {
      "id": "crowbar_problem_solver",
      "name": "Problem Solver",
      "description": "Use a crowbar to solve 50 different problems",
      "effect": "Crowbars can open any door, +2 to problem-solving",
      "rarity": "uncommon",
      "category": "weapon",
      "requiredWeapon": "crowbar"
    },
    {
      "id": "pistol_marksman",
      "name": "Marksman",
      "description": "Make 100 accurate shots with a pistol",
      "effect": "Pistols have +2 accuracy, can ricochet shots",
      "rarity": "uncommon",
      "category": "weapon",
      "requiredWeapon": "pistol"
    },
    {
      "id": "shotgun_room_clearer",
      "name": "Room Clearer",
      "description": "Clear 20 rooms using only a shotgun",
      "effect": "Shotguns deal area damage, +50% damage at close range",
      "rarity": "uncommon",
      "category": "weapon",
      "requiredWeapon": "shotgun"
    },
    {
      "id": "grenade_demolition",
      "name": "Demolition Expert",
      "description": "Destroy 10 structures with grenades",
      "effect": "Grenades have larger blast radius, can craft improvised explosives",
      "rarity": "rare",
      "category": "weapon",
      "requiredWeapon": "grenade"
    },
    {
      "id": "plasma_rifle_alien_tech",
      "name": "Alien Technology Master",
      "description": "Master the use of alien plasma weapons",
      "effect": "Plasma weapons never overheat, +2 damage",
      "rarity": "rare",
      "category": "weapon",
      "requiredWeapon": "plasma_rifle"
    },
    {
      "id": "vorpal_blade_executioner",
      "name": "Executioner",
      "description": "Execute 50 enemies with critical hits",
      "effect": "Vorpal weapons have +20% critical chance, crits are always lethal",
      "rarity": "epic",
      "category": "weapon",
      "requiredWeapon": "vorpal_blade"
    },
    {
      "id": "improvised_weapon_master",
      "name": "Improvised Weapon Master",
      "description": "Kill 100 enemies with improvised weapons",
      "effect": "Any object can be used as a weapon, +1 damage with improvised weapons",
      "rarity": "uncommon",
      "category": "weapon",
      "requiredWeapon": "improvised"
    }
  ],
  "absurd": [
    {
      "id": "lacing_boots_speedster",
      "name": "Speed Lacing Champion",
      "description": "Lace your boots faster than anyone in galactic history",
      "effect": "+1 to Dexterity, can change equipment instantly",
      "rarity": "common",
      "category": "absurd"
    },
    {
      "id": "breathing_meditation_master",
      "name": "Zen Master",
      "description": "Achieve perfect breathing technique",
      "effect": "+2 to Wisdom, can hold breath indefinitely",
      "rarity": "uncommon",
      "category": "absurd"
    },
    {
      "id": "frogger_traffic_master",
      "name": "Traffic Master",
      "description": "Cross 100 dangerous areas without taking damage",
      "effect": "+2 to Dexterity, immunity to movement-based damage",
      "rarity": "uncommon",
      "category": "absurd"
    },
    {
      "id": "mascot_crowd_favorite",
      "name": "Crowd Favorite",
      "description": "Become the most beloved mascot in the galaxy",
      "effect": "+3 to Charisma, crowds will protect you",
      "rarity": "rare",
      "category": "absurd"
    },
    {
      "id": "scutelliphily_collector",
      "name": "Ultimate Collector",
      "description": "Collect 1000 different shields and escutcheons",
      "effect": "+2 to Intelligence, can identify any heraldry instantly",
      "rarity": "epic",
      "category": "absurd"
    },
    {
      "id": "universal_remote_hacker",
      "name": "Universal Hacker",
      "description": "Hack into alien systems using a TV remote",
      "effect": "Can control any electronic device, +3 to hacking",
      "rarity": "legendary",
      "category": "absurd"
    },
    {
      "id": "metal_detecting_treasure_finder",
      "name": "Treasure Finder Supreme",
      "description": "Find 500 pieces of metal in the dungeon",
      "effect": "+2 to Wisdom, can detect valuable items through walls",
      "rarity": "uncommon",
      "category": "absurd"
    },
    {
      "id": "negotiation_peace_maker",
      "name": "Galactic Peace Maker",
      "description": "Negotiate peace between 10 warring factions",
      "effect": "+3 to Charisma, can end any conflict through words",
      "rarity": "legendary",
      "category": "absurd"
    },
    {
      "id": "catcher_reflex_master",
      "name": "Reflex Master",
      "description": "Catch 1000 objects thrown at you",
      "effect": "+3 to Dexterity, can catch any projectile",
      "rarity": "rare",
      "category": "absurd"
    },
    {
      "id": "night_vision_darkness_walker",
      "name": "Darkness Walker",
      "description": "Navigate 100 areas in complete darkness",
      "effect": "Perfect night vision, +2 to Wisdom",
      "rarity": "uncommon",
      "category": "absurd"
    }
  ],
  "legendary": [
    {
      "id": "dungeon_conqueror",
      "name": "Dungeon Conqueror",
      "description": "Clear all 18 floors of the World Dungeon",
      "effect": "+5 to all stats, legendary status among crawlers",
      "rarity": "legendary",
      "category": "progression"
    },
    {
      "id": "syndicate_rebel",
      "name": "Syndicate Rebel",
      "description": "Successfully rebel against the Borant Corporation",
      "effect": "+3 to all stats, can inspire others to rebel",
      "rarity": "legendary",
      "category": "special"
    },
    {
      "id": "primal_awakening",
      "name": "Primal Awakening",
      "description": "Unlock the true power of the universe's first species",
      "effect": "Transcend normal limitations, gain cosmic awareness",
      "rarity": "legendary",
      "category": "special"
    },
    {
      "id": "earth_champion",
      "name": "Champion of Earth",
      "description": "Represent humanity's best hope for survival",
      "effect": "+3 to all stats, other humans gain bonuses near you",
      "rarity": "legendary",
      "category": "special"
    },
    {
      "id": "viewer_favorite",
      "name": "Galactic Superstar",
      "description": "Become the most watched crawler in galactic history",
      "effect": "+5 to Charisma, reality bends to make you more entertaining",
      "rarity": "legendary",
      "category": "social"
    },
    {
      "id": "death_cheater",
      "name": "Death Cheater",
      "description": "Survive 100 situations that should have been fatal",
      "effect": "Immunity to instant death, +3 to Constitution",
      "rarity": "legendary",
      "category": "survival"
    },
    {
      "id": "system_breaker",
      "name": "System Breaker",
      "description": "Break the dungeon's rules in a way that changes everything",
      "effect": "Can ignore one system limitation permanently",
      "rarity": "legendary",
      "category": "special"
    },
    {
      "id": "mentor_of_crawlers",
      "name": "Mentor of Crawlers",
      "description": "Train 10 other crawlers to survive the dungeon",
      "effect": "+2 to Wisdom, +2 to Charisma, teaching abilities",
      "rarity": "legendary",
      "category": "social"
    },
    {
      "id": "dungeon_architect",
      "name": "Dungeon Architect",
      "description": "Understand the true nature of the dungeon's construction",
      "effect": "+3 to Intelligence, can predict dungeon layouts",
      "rarity": "legendary",
      "category": "special"
    },
    {
      "id": "cosmic_comedian",
      "name": "Cosmic Comedian",
      "description": "Make the entire galaxy laugh at your antics",
      "effect": "+5 to Charisma, humor can affect reality",
      "rarity": "legendary",
      "category": "social"
    }
  ]
}

