{
  "dcc_items": {
    "sponsor_weapons": [
      {
        "name": "Waffle House Spatula",
        "rarity": 3,
        "damage": "1d6+2",
        "properties": ["Light", "Sponsor Item", "Breakfast Magic"],
        "effect": "Heals 1 HP when you critically hit",
        "sponsor": "Waffle House",
        "price": 200,
        "description": "A surprisingly effective weapon endorsed by the galaxy's favorite breakfast chain"
      },
      {
        "name": "Nike Air Jordans of Jumping",
        "rarity": 4,
        "damage": "1d4 (kick)",
        "properties": ["Legendary Footwear", "Jump Enhancement"],
        "effect": "+10 feet to jump distance, advantage on acrobatics",
        "sponsor": "Nike",
        "price": 800,
        "description": "Even in the dungeon, you gotta have style"
      },
      {
        "name": "Red Bull Energy Drink Launcher",
        "rarity": 4,
        "damage": "2d4 (caffeinated)",
        "properties": ["Ranged", "Energy Weapon", "Sponsor Item"],
        "effect": "Target gains extra action but crashes next turn",
        "sponsor": "Red Bull",
        "price": 1200,
        "description": "Gives you wings... and your enemies a serious caffeine crash"
      }
    ],
    "dungeon_weapons": [
      {
        "name": "Goblin Ear Necklace",
        "rarity": 2,
        "damage": "1d4",
        "properties": ["Intimidation Bonus", "Trophy"],
        "effect": "+2 to intimidation checks against goblins",
        "price": 30,
        "description": "A grisly trophy that sends a message"
      },
      {
        "name": "Crystal Core Blade",
        "rarity": 4,
        "damage": "1d8+1d4 energy",
        "properties": ["Magical", "Energy", "Unstable"],
        "effect": "1 in 6 chance to explode on critical hit (2d6 area damage)",
        "price": 2000,
        "description": "Forged from dungeon crystal cores, beautiful but dangerous"
      },
      {
        "name": "Floor Boss Trophy Weapon",
        "rarity": 5,
        "damage": "2d6+level",
        "properties": ["Legendary", "Scaling", "Boss Trophy"],
        "effect": "Damage increases with crawler level, intimidates lesser enemies",
        "price": 15000,
        "description": "A weapon crafted from the remains of a defeated floor boss"
      }
    ],
    "dungeon_armor": [
      {
        "name": "Crawler's Leather",
        "rarity": 2,
        "defense": "+3 AC",
        "properties": ["Light", "Experienced"],
        "effect": "+1 AC for each floor cleared",
        "price": 100,
        "description": "Leather armor that bears the scars of dungeon delving"
      },
      {
        "name": "Sponsor Logo Vest",
        "rarity": 3,
        "defense": "+2 AC",
        "properties": ["Sponsor Item", "Marketing"],
        "effect": "Gain small amount of money when taking damage (viewers donate)",
        "price": 500,
        "description": "Nothing says 'professional crawler' like proper sponsor placement"
      },
      {
        "name": "AI Emergency Shield",
        "rarity": 4,
        "defense": "+4 AC",
        "properties": ["Tech", "AI Controlled", "Emergency"],
        "effect": "Activates automatically when HP drops below 25%",
        "price": 3000,
        "description": "The AI's way of protecting their investment... err, the crawlers"
      }
    ],
    "consumables": [
      {
        "name": "Sponsor Healing Potion",
        "rarity": 2,
        "effect": "Heal 2d4+2 HP, gain sponsor favor",
        "properties": ["Healing", "Sponsor Item"],
        "price": 75,
        "description": "Healing with a side of product placement"
      },
      {
        "name": "Floor Cake",
        "rarity": 3,
        "effect": "Celebrate clearing a floor - gain inspiration and +1 to next 3 rolls",
        "properties": ["Celebration", "Buff"],
        "price": 200,
        "description": "Every floor cleared deserves a celebration... even if it's just cake"
      },
      {
        "name": "AI Interference Neutralizer",
        "rarity": 4,
        "effect": "Prevents next AI interference or manipulation attempt",
        "properties": ["Anti-AI", "Protection"],
        "price": 1000,
        "description": "Sometimes you need to work around the system"
      },
      {
        "name": "Viewer Energy Drink",
        "rarity": 1,
        "effect": "Restore 1d4 HP, small chance of gaining inspiration if viewers are excited",
        "properties": ["Common", "Viewer Powered"],
        "price": 10,
        "description": "The crowd's energy made manifest in caffeinated form"
      }
    ],
    "tech_items": [
      {
        "name": "Crawler Communication Device",
        "rarity": 2,
        "effect": "Communicate with other crawler teams on same floor",
        "properties": ["Communication", "Team Coordination"],
        "price": 300,
        "description": "Standard issue for crawler teams, when the AI allows it to work"
      },
      {
        "name": "Viewer Drone",
        "rarity": 3,
        "effect": "Small floating camera that provides tactical advantage and boosts viewer count",
        "properties": ["Surveillance", "Viewer Engagement"],
        "price": 800,
        "description": "Give the viewers a better angle while getting intel"
      },
      {
        "name": "Dungeon Map Fragment",
        "rarity": 4,
        "effect": "Reveals layout of current floor section, highly sought after by other crawlers",
        "properties": ["Navigation", "Valuable Intelligence"],
        "price": 2500,
        "description": "Knowledge is power, and maps are knowledge"
      },
      {
        "name": "Emergency Teleporter",
        "rarity": 5,
        "effect": "Single-use emergency escape to safe room, but viewers hate quitters",
        "properties": ["Legendary", "Emergency", "Viewer Penalty"],
        "price": 10000,
        "description": "Last resort escape, but your reputation might not survive using it"
      }
    ],
    "achievement_items": [
      {
        "name": "First Floor Survivor Badge",
        "rarity": 1,
        "effect": "Proof of survival, small morale boost to team",
        "properties": ["Achievement", "Morale"],
        "price": 50,
        "description": "You survived your first floor. The real dungeon starts now."
      },
      {
        "name": "Crowd Favorite Trophy",
        "rarity": 3,
        "effect": "Gain advantage on charisma checks, sponsors offer better deals",
        "properties": ["Achievement", "Social", "Sponsor Relations"],
        "price": 1000,
        "description": "The galaxy loves you, and that opens doors... and wallets"
      },
      {
        "name": "Boss Slayer's Ring",
        "rarity": 4,
        "effect": "+2 damage against boss-type enemies, intimidates lesser foes",
        "properties": ["Achievement", "Boss Hunter", "Intimidation"],
        "price": 5000,
        "description": "Forged from the core of a defeated floor boss"
      }
    ]
  }
}
