{
  "cleanUrls": true,
  "trailingSlash": false,
  "headers": [
    {
      "source": "/manifest.json",
      "headers": [
        { "key": "Content-Type", "value": "application/manifest+json" },
        { "key": "Cache-Control", "value": "no-cache, no-store, must-revalidate" }
      ]
    },
    {
      "source": "/icons/(.*)",
      "headers": [
        { "key": "Cache-Control", "value": "no-cache, no-store, must-revalidate" }
      ]
    },
    {
      "source": "/(.*)",
      "headers": [
        { "key": "Cache-Control", "value": "no-cache, no-store, must-revalidate" }
      ]
    }
  ]
}
