{
  "name": "Forest Adventure Tileset",
  "description": "A nature-themed tileset with earth tones",
  "spriteSize": 64,
  "gridSize": "4x4", 
  "backgroundColors": {
    "mountain": "#654321",
    "water": "#2E86AB", 
    "grass": "#228B22",
    "rock": "#696969",
    "castle": "#A0A0A0",
    "house": "#DEB887",
    "shop": "#CD853F",
    "temple": "#F5DEB3",
    "dragon": "#8B0000",
    "sword": "#C0C0C0",
    "skull": "#2F4F4F",
    "danger": "#FF4500",
    "tower": "#708090",
    "road": "#D2B48C",
    "door": "#A0522D",
    "fire": "#DC143C"
  },
  "sprites": [
    { "id": "mountain", "name": "Mountain", "category": "terrain", "position": [0, 0] },
    { "id": "water", "name": "Water", "category": "terrain", "position": [1, 0] },
    { "id": "grass", "name": "Grass", "category": "terrain", "position": [2, 0] },
    { "id": "rock", "name": "Rock", "category": "terrain", "position": [3, 0] },
    { "id": "castle", "name": "Castle", "category": "buildings", "position": [0, 1] },
    { "id": "house", "name": "House", "category": "buildings", "position": [1, 1] },
    { "id": "shop", "name": "Shop", "category": "buildings", "position": [2, 1] },
    { "id": "temple", "name": "Temple", "category": "buildings", "position": [3, 1] },
    { "id": "dragon", "name": "Dragon", "category": "monsters", "position": [0, 2] },
    { "id": "sword", "name": "Sword", "category": "items", "position": [1, 2] },
    { "id": "skull", "name": "Skull", "category": "hazards", "position": [2, 2] },
    { "id": "danger", "name": "Danger", "category": "hazards", "position": [3, 2] },
    { "id": "tower", "name": "Tower", "category": "buildings", "position": [0, 3] },
    { "id": "road", "name": "Road", "category": "paths", "position": [1, 3] },
    { "id": "door", "name": "Door", "category": "features", "position": [2, 3] },
    { "id": "fire", "name": "Fire", "category": "hazards", "position": [3, 3] }
  ]
}
