{
  "name": "Gothic Tileset",
  "description": "Michelle's custom sprite sheet with dark gothic atmosphere and shadowy tones",
  "spriteSize": 64,
  "gridSize": "4x4",
  "backgroundColors": {
    "mountain": "#2C1810",
    "water": "#0D1B2A", 
    "grass": "#1B2A17",
    "rock": "#1A1A1A",
    "castle": "#2D2D2D",
    "house": "#3D2817",
    "shop": "#4A2C17",
    "temple": "#1C1C1C",
    "dragon": "#4A0E0E",
    "sword": "#36454F",
    "skull": "#1C1C1C",
    "danger": "#5D1A1A",
    "tower": "#36343B",
    "road": "#2F2B28",
    "door": "#3C2415",
    "fire": "#8B0000"
  },
  "sprites": [
    { "id": "mountain", "name": "Mountain", "category": "terrain", "position": [0, 0] },
    { "id": "water", "name": "Water", "category": "terrain", "position": [1, 0] },
    { "id": "grass", "name": "Grass", "category": "terrain", "position": [2, 0] },
    { "id": "rock", "name": "Rock", "category": "terrain", "position": [3, 0] },
    { "id": "castle", "name": "Castle", "category": "buildings", "position": [0, 1] },
    { "id": "house", "name": "House", "category": "buildings", "position": [1, 1] },
    { "id": "shop", "name": "Shop", "category": "buildings", "position": [2, 1] },
    { "id": "temple", "name": "Temple", "category": "buildings", "position": [3, 1] },
    { "id": "dragon", "name": "Dragon", "category": "monsters", "position": [0, 2] },
    { "id": "sword", "name": "Sword", "category": "items", "position": [1, 2] },
    { "id": "skull", "name": "Skull", "category": "hazards", "position": [2, 2] },
    { "id": "danger", "name": "Danger", "category": "hazards", "position": [3, 2] },
    { "id": "tower", "name": "Tower", "category": "buildings", "position": [0, 3] },
    { "id": "road", "name": "Road", "category": "paths", "position": [1, 3] },
    { "id": "door", "name": "Door", "category": "features", "position": [2, 3] },
    { "id": "fire", "name": "Fire", "category": "hazards", "position": [3, 3] }
  ]
}
