{
  "name": "Green Test Tileset",
  "description": "Testing tileset with all green background colors to verify tileset switching works",
  "spriteSize": 64,
  "gridSize": "4x4",
  "backgroundColors": {
    "mountain": "#2D5016",
    "water": "#4F7942", 
    "grass": "#6B8E23",
    "rock": "#556B2F",
    "castle": "#8FBC8F",
    "house": "#90EE90",
    "shop": "#98FB98",
    "temple": "#F0FFF0",
    "dragon": "#32CD32",
    "sword": "#9ACD32",
    "skull": "#228B22",
    "danger": "#ADFF2F",
    "tower": "#7CFC00",
    "road": "#7FFF00",
    "door": "#00FF32",
    "fire": "#00FF7F"
  },
  "sprites": [
    { "id": "mountain", "name": "Mountain", "category": "terrain", "position": [0, 0] },
    { "id": "water", "name": "Water", "category": "terrain", "position": [1, 0] },
    { "id": "grass", "name": "Grass", "category": "terrain", "position": [2, 0] },
    { "id": "rock", "name": "Rock", "category": "terrain", "position": [3, 0] },
    { "id": "castle", "name": "Castle", "category": "buildings", "position": [0, 1] },
    { "id": "house", "name": "House", "category": "buildings", "position": [1, 1] },
    { "id": "shop", "name": "Shop", "category": "buildings", "position": [2, 1] },
    { "id": "temple", "name": "Temple", "category": "buildings", "position": [3, 1] },
    { "id": "dragon", "name": "Dragon", "category": "monsters", "position": [0, 2] },
    { "id": "sword", "name": "Sword", "category": "items", "position": [1, 2] },
    { "id": "skull", "name": "Skull", "category": "hazards", "position": [2, 2] },
    { "id": "danger", "name": "Danger", "category": "hazards", "position": [3, 2] },
    { "id": "tower", "name": "Tower", "category": "buildings", "position": [0, 3] },
    { "id": "road", "name": "Road", "category": "paths", "position": [1, 3] },
    { "id": "door", "name": "Door", "category": "features", "position": [2, 3] },
    { "id": "fire", "name": "Fire", "category": "hazards", "position": [3, 3] }
  ]
}
