{
  "name": "modern_stretch",
  "description": "Custom tileset created with SpriteSheetEditor",
  "spriteSize": 64,
  "gridSize": "4x4",
  "backgroundColors": {
    "sprite_0_0": "#2E7D32",
    "sprite_1_0": "#1A237E",
    "sprite_2_0": "#2E7D32",
    "sprite_3_0": "#2E7D32",
    "sprite_0_1": "#2E7D32",
    "sprite_1_1": "#2E7D32",
    "sprite_2_1": "#2E7D32",
    "sprite_3_1": "#2E7D32",
    "sprite_0_2": "#2E7D32",
    "sprite_1_2": "#2E7D32",
    "sprite_2_2": "#212121",
    "sprite_3_2": "#2E7D32",
    "sprite_0_3": "#2E7D32",
    "sprite_1_3": "#2E7D32",
    "sprite_2_3": "#2E7D32",
    "sprite_3_3": "#2E7D32"
  },
  "sprites": [
    { "id": "sprite_0_0", "name": "Sprite 0,0", "category": "terrain", "position": [0, 0] },
    { "id": "sprite_1_0", "name": "Sprite 1,0", "category": "terrain", "position": [1, 0] },
    { "id": "sprite_2_0", "name": "Sprite 2,0", "category": "terrain", "position": [2, 0] },
    { "id": "sprite_3_0", "name": "Sprite 3,0", "category": "terrain", "position": [3, 0] },
    { "id": "sprite_0_1", "name": "Sprite 0,1", "category": "buildings", "position": [0, 1] },
    { "id": "sprite_1_1", "name": "Sprite 1,1", "category": "buildings", "position": [1, 1] },
    { "id": "sprite_2_1", "name": "Sprite 2,1", "category": "buildings", "position": [2, 1] },
    { "id": "sprite_3_1", "name": "Sprite 3,1", "category": "buildings", "position": [3, 1] },
    { "id": "sprite_0_2", "name": "Sprite 0,2", "category": "items", "position": [0, 2] },
    { "id": "sprite_1_2", "name": "Sprite 1,2", "category": "items", "position": [1, 2] },
    { "id": "sprite_2_2", "name": "Sprite 2,2", "category": "items", "position": [2, 2] },
    { "id": "sprite_3_2", "name": "Sprite 3,2", "category": "items", "position": [3, 2] },
    { "id": "sprite_0_3", "name": "Sprite 0,3", "category": "features", "position": [0, 3] },
    { "id": "sprite_1_3", "name": "Sprite 1,3", "category": "features", "position": [1, 3] },
    { "id": "sprite_2_3", "name": "Sprite 2,3", "category": "features", "position": [2, 3] },
    { "id": "sprite_3_3", "name": "Sprite 3,3", "category": "features", "position": [3, 3] }
  ]
}